interiorLon,interiorLat,eulerLon,eulerLonSig,eulerLat,eulerLatSig,rotationRate,rotationRateSig,rotationInfo,aprioriTog,other1,other2,other3,other4,other5,other6,name,
82.411,-15.9,0,0,0,0,0,0,0,0,0,0,0,0,0,0,"90East                  ",
54.431,31.107,0,0,0,0,0,0,0,0,0,0,0,0,0,0,"ADB_iran                ",
285.162,7.032,0,0,0,0,0,0,0,0,0,0,0,0,0,0,"ANDE                    ",
172.665,-42.359,0,0,0,0,0,0,0,0,0,0,0,0,0,0,"AWAT                    ",
24.95,37.334,0,0,0,0,0,0,0,0,0,0,0,0,0,0,"Aegean                  ",
21.1,38.549,0,0,0,0,0,0,0,0,0,0,0,0,0,0,"Akarnania               ",
33.393,40.258,0,0,0,0,0,0,0,0,0,0,0,0,0,0,"Aktug13_1               ",
34.65,39.336,0,0,0,0,0,0,0,0,0,0,0,0,0,0,"Aktug13_2               ",
35.695,37.659,0,0,0,0,0,0,0,0,0,0,0,0,0,0,"Aktug13_3               ",
49.54,37.223,0,0,0,0,0,0,0,0,0,0,0,0,0,0,"Alborz                  ",
202.598,55.634,0,0,0,0,0,0,0,0,0,0,0,0,0,0,"Aleutian1               ",
173.796,52.266,0,0,0,0,0,0,0,0,0,0,0,0,0,0,"Aleutian2               ",
246.368,-84.973,0,0,0,0,0,0,0,0,0,0,0,0,0,0,"Antartica               ",
17.897,41.183,0,0,0,0,0,0,0,0,0,0,0,0,0,0,"Apulia                  ",
44.227,40.352,0,0,0,0,0,0,0,0,0,0,0,0,0,0,"Aragats                 ",
136.946,-32.867,0,0,0,0,0,0,0,0,0,0,0,0,0,0,"Austrailia              ",
47.407,40.593,0,0,0,0,0,0,0,0,0,0,0,0,0,0,"Azerban_new1            ",
49.659,39.325,0,0,0,0,0,0,0,0,0,0,0,0,0,0,"Azerban_new2            ",
125.629,11.003,0,0,0,0,0,0,0,0,0,0,0,0,0,0,"BBLK                    ",
173.148,-41.861,0,0,0,0,0,0,0,0,0,0,0,0,0,0,"BLEN                    ",
107.213,52.681,0,0,0,0,0,0,0,0,0,0,0,0,0,0,"Bakail                  ",
126.762,-5.057,0,0,0,0,0,0,0,0,0,0,0,0,0,0,"BandaSea                ",
189.641,60.075,0,0,0,0,0,0,0,0,0,0,0,0,0,0,"Bering                  ",
215.469,59.958,0,0,0,0,0,0,0,0,0,0,0,0,0,0,"BeringDefm              ",
354.22,36.046,0,0,0,0,0,0,0,0,0,0,0,0,0,0,"Betics                  ",
133.018,-1.796,0,0,0,0,0,0,0,0,0,0,0,0,0,0,"BirdsHead               ",
32.886,42.21,0,0,0,0,0,0,0,0,0,0,0,0,0,0,"BlackSea                ",
96.638,46.551,0,0,0,0,0,0,0,0,0,0,0,0,0,0,"Bulnay                  ",
92.976,9.266,0,0,0,0,0,0,0,0,0,0,0,0,0,0,"Burma                   ",
94.596,23.102,0,0,0,0,0,0,0,0,0,0,0,0,0,0,"BurmanRanges            ",
121.569,16.301,0,0,0,0,0,0,0,0,0,0,0,0,0,0,"CAG2                    ",
269.481,13.289,0,0,0,0,0,0,0,0,0,0,0,0,0,0,"CA_forearc              ",
275.497,9.612,0,0,0,0,0,0,0,0,0,0,0,0,0,0,"CCRDB                   ",
122.849,11.897,0,0,0,0,0,0,0,0,0,0,0,0,0,0,"CENV                    ",
172.761,-44.056,0,0,0,0,0,0,0,0,0,0,0,0,0,0,"CHCH                    ",
53.255,31.127,0,0,0,0,0,0,0,0,0,0,0,0,0,0,"CIB_iran                ",
120.083,14.825,0,0,0,0,0,0,0,0,0,0,0,0,0,0,"CLUZ                    ",
277.228,7.717,0,0,0,0,0,0,0,0,0,0,0,0,0,0,"CR_forearc              ",
246.856,45.363,0,0,0,0,0,0,0,0,0,0,0,0,0,0,"CTBt                    ",
167.164,-15.408,0,0,0,0,0,0,0,0,0,0,0,0,0,0,"CVAN                    ",
16.321,38.313,0,0,0,0,0,0,0,0,0,0,0,0,0,0,"Calabrian               ",
280.505,14.198,0,0,0,0,0,0,0,0,0,0,0,0,0,0,"Caribbean               ",
46.662,40.209,0,0,0,0,0,0,0,0,0,0,0,0,0,0,"Caucasus                ",
82.784,31.817,0,0,0,0,0,0,0,0,0,0,0,0,0,0,"CentralTibet            ",
48.997,34.862,0,0,0,0,0,0,0,0,0,0,0,0,0,0,"Central_Iran            ",
13.013,42.818,0,0,0,0,0,0,0,0,0,0,0,0,0,0,"Central_Italy2          ",
12.179,43.768,0,0,0,0,0,0,0,0,0,0,0,0,0,0,"Central_italy1          ",
44.634,39.163,0,0,0,0,0,0,0,0,0,0,0,0,0,0,"Chalderan_B5            ",
68.541,31.737,0,0,0,0,0,0,0,0,0,0,0,0,0,0,"Chaman                  ",
120.6,24.061,0,0,0,0,0,0,0,0,0,0,0,0,0,0,"Changhua                ",
291.668,-24.448,0,0,0,0,0,0,0,0,0,0,0,0,0,0,"Chile                   ",
286.455,-43.401,0,0,0,0,0,0,0,0,0,0,0,0,0,0,"Chiloe                  ",
116.326,21.736,0,0,0,0,0,0,0,0,0,0,0,0,0,0,"ChinaSea                ",
242.146,34.072,0,1,0,1,0,0,0,0,0,0,0,0,0,0,"Chino                   ",
239.552,35.023,0,1,0,1,0,0,0,0,0,0,0,0,0,0,"CoastalRanges           ",
264.563,8.552,0,0,0,0,0,0,0,0,0,0,0,0,0,0,"Cocos                   ",
33.622,34.958,0,0,0,0,0,0,0,0,0,0,0,0,0,0,"Cyprus                  ",
90.915,26.043,0,0,0,0,0,0,0,0,0,0,0,0,0,0,"Dauky                   ",
242.924,36.378,0,1,0,1,0,0,0,0,0,0,0,0,0,0,"DeathValley             ",
204.436,59.977,0,0,0,0,0,0,0,0,0,0,0,0,0,0,"Denali                  ",
54.336,35.418,0,0,0,0,0,0,0,0,0,0,0,0,0,0,"Doruneh                 ",
33.793,-2.416,0,0,0,0,0,0,0,0,0,0,0,0,0,0,"EAR1                    ",
38.4,-15.071,0,0,0,0,0,0,0,0,0,0,0,0,0,0,"EAR2                    ",
355.87,36.847,0,0,0,0,0,0,0,0,0,0,0,0,0,0,"EBET                    ",
120.333,22.36,0,0,0,0,0,0,0,0,0,0,0,0,0,0,"EFSB                    ",
108.984,-8.411,0,0,0,0,0,0,0,0,0,0,0,0,0,0,"EJAV                    ",
120.568,23.247,0,0,0,0,0,0,0,0,0,0,0,0,0,0,"EKSH                    ",
46.357,39.652,0,0,0,0,0,0,0,0,0,0,0,0,0,0,"ELBC_karak              ",
177.674,-38.216,0,0,0,0,0,0,0,0,0,0,0,0,0,0,"ENIS                    ",
240.331,44.817,0,0,0,0,0,0,0,0,0,0,0,0,0,0,"EOre                    ",
170.057,-43.841,0,0,0,0,0,0,0,0,0,0,0,0,0,0,"ESIL                    ",
242.238,48.616,0,0,0,0,0,0,0,0,0,0,0,0,0,0,"EWas                    ",
121.621,34.271,0,0,0,0,0,0,0,0,0,0,0,0,0,0,"East_china_sea          ",
122.412,-1.911,0,0,0,0,0,0,0,0,0,0,0,0,0,0,"East_sula               ",
19.644,40.429,0,0,0,0,0,0,0,0,0,0,0,0,0,0,"Epiro                   ",
113.861,59.314,0,1,0,1,0,0,0,0,0,0,0,0,0,0,"Eurasia                 ",
178.324,-17.23,0,0,0,0,0,0,0,0,0,0,0,0,0,0,"FIJI                    ",
166.607,-45.742,0,0,0,0,0,0,0,0,0,0,0,0,0,0,"FIOR                    ",
167.518,-44.538,0,0,0,0,0,0,0,0,0,0,0,0,0,0,"FORE                    ",
218.061,59.612,0,0,0,0,0,0,0,0,0,0,0,0,0,0,"Foreland                ",
284.304,18.82,0,0,0,0,0,0,0,0,0,0,0,0,0,0,"GONA                    ",
150.539,-9.942,0,0,0,0,0,0,0,0,0,0,0,0,0,0,"GOOD                    ",
45.61,39.594,0,0,0,0,0,0,0,0,0,0,0,0,0,0,"Gegharkunik             ",
82.013,44.533,0,0,0,0,0,0,0,0,0,0,0,0,0,0,"Gobi_TienShan           ",
238.32,37.547,0,0,0,0,0,0,0,0,0,0,0,0,0,0,"Greenville              ",
292.602,9.943,0,0,0,0,0,0,0,0,0,0,0,0,0,0,"Gunare                  ",
177.453,-40.343,0,0,0,0,0,0,0,0,0,0,0,0,0,0,"HAST                    ",
63.045,29.709,0,0,0,0,0,0,0,0,0,0,0,0,0,0,"HB_iran                 ",
290.399,18.319,0,0,0,0,0,0,0,0,0,0,0,0,0,0,"HISP                    ",
173.175,-42.371,0,0,0,0,0,0,0,0,0,0,0,0,0,0,"HOPE                    ",
121.057,24.403,0,0,0,0,0,0,0,0,0,0,0,0,0,0,"HSSH                    ",
243.072,34.861,0,1,0,1,0,0,0,0,0,0,0,0,0,0,"Helendale               ",
115.35,33.388,0,0,0,0,0,0,0,0,0,0,0,0,0,0,"Huaihe                  ",
120.056,17.435,0,0,0,0,0,0,0,0,0,0,0,0,0,0,"ILOC                    ",
139.026,36.757,0,0,0,0,0,0,0,0,0,0,0,0,0,0,"IMP                     ",
136.25,-0.98,0,0,0,0,0,0,0,0,0,0,0,0,0,0,"INDO_new                ",
216.967,59.742,0,0,0,0,0,0,0,0,0,0,0,0,0,0,"IcyBay                  ",
249.041,42.879,0,0,0,0,0,0,0,0,0,0,0,0,0,0,"IdWy                    ",
282.775,-12.473,0,0,0,0,0,0,0,0,0,0,0,0,0,0,"Inca_1                  ",
286.983,-12.249,0,0,0,0,0,0,0,0,0,0,0,0,0,0,"Inca_2                  ",
76.456,15.794,0,0,0,0,0,0,0,0,0,0,0,0,0,0,"India                   ",
93.373,22.242,0,0,0,0,0,0,0,0,0,0,0,0,0,0,"Indoburman              ",
239.516,38.741,0,0,0,0,0,0,0,0,0,0,0,0,0,0,"InnerThrust             ",
20.595,37.904,0,0,0,0,0,0,0,0,0,0,0,0,0,0,"Ionian                  ",
77.231,42.279,0,0,0,0,0,0,0,0,0,0,0,0,0,0,"Issykul                 ",
232.729,45.774,244.66,1,33.92,1,-1.513,0.2,0,1,0,0,0,0,0,0,"JuanDeFuca              ",
81.028,46.748,0,0,0,0,0,0,0,0,0,0,0,0,0,0,"Junggar1                ",
81.225,48.079,0,0,0,0,0,0,0,0,0,0,0,0,0,0,"Junggar2                ",
84.066,47.73,0,0,0,0,0,0,0,0,0,0,0,0,0,0,"Junggar3                ",
88.839,45.215,0,0,0,0,0,0,0,0,0,0,0,0,0,0,"Junggar_new_new         ",
55.9,30.91,0,0,0,0,0,0,0,0,0,0,0,0,0,0,"KAB_iran                ",
75.15,41.011,0,0,0,0,0,0,0,0,0,0,0,0,0,0,"Kadjerty                ",
23.949,38.859,0,0,0,0,0,0,0,0,0,0,0,0,0,0,"Karpenissi              ",
42.639,40.581,0,0,0,0,0,0,0,0,0,0,0,0,0,0,"Kars                    ",
180.823,-33.002,0,0,0,0,0,0,0,0,0,0,0,0,0,0,"Kermmadec               ",
73.266,39.695,0,0,0,0,0,0,0,0,0,0,0,0,0,0,"Kyrgyz                  ",
72.45,40.817,0,0,0,0,0,0,0,0,0,0,0,0,0,0,"Kyrgyz_add_back         ",
58.885,32.131,0,0,0,0,0,0,0,0,0,0,0,0,0,0,"LB_iran                 ",
40.013,-30.596,0,0,0,0,0,0,0,0,0,0,0,0,0,0,"LW                      ",
243.555,34.667,0,1,0,1,0,0,0,0,0,0,0,0,0,0,"Landers                 ",
240.764,34.346,0,1,0,1,0,0,0,0,0,0,0,0,0,0,"LittleVentura01         ",
121.092,22.77,0,0,0,0,0,0,0,0,0,0,0,0,0,0,"LongitudinalValley      ",
298.694,10.138,0,0,0,0,0,0,0,0,0,0,0,0,0,0,"LosBajos                ",
174.5,-40.625,0,0,0,0,0,0,0,0,0,0,0,0,0,0,"MANA                    ",
288.081,9.373,0,0,0,0,0,0,0,0,0,0,0,0,0,0,"MARA                    ",
138.357,-3.454,0,0,0,0,0,0,0,0,0,0,0,0,0,0,"MO_indo                 ",
120.93,-4.924,0,0,0,0,0,0,0,0,0,0,0,0,0,0,"Makassar                ",
56.488,28.887,0,0,0,0,0,0,0,0,0,0,0,0,0,0,"Makran2Zagros           ",
124.141,1.398,0,0,0,0,0,0,0,0,0,0,0,0,0,0,"Manado                  ",
135.348,-2.379,0,0,0,0,0,0,0,0,0,0,0,0,0,0,"Maoke                   ",
288.294,8.554,0,0,0,0,0,0,0,0,0,0,0,0,0,0,"Maracaibo               ",
145.678,17.239,0,0,0,0,0,0,0,0,0,0,0,0,0,0,"Marianas                ",
25.421,39.693,0,0,0,0,0,0,0,0,0,0,0,0,0,0,"Marmara                 ",
28.235,40.219,0,0,0,0,0,0,0,0,0,0,0,0,0,0,"Marmara_sliver          ",
296.558,9.985,0,0,0,0,0,0,0,0,0,0,0,0,0,0,"Maturin                 ",
26.879,38.059,0,0,0,0,0,0,0,0,0,0,0,0,0,0,"Menderes                ",
341.974,66.323,0,0,0,0,0,0,0,0,0,0,0,0,0,0,"Metzger                 ",
239.582,39.925,0,0,0,0,0,0,0,0,0,0,0,0,0,0,"MohawkValley            ",
243.724,34.942,0,1,0,1,0,0,0,0,0,0,0,0,0,0,"MojaveEasternMost       ",
127.602,0.12,0,0,0,0,0,0,0,0,0,0,0,0,0,0,"MolucaSea               ",
102.094,47.133,0,0,0,0,0,0,0,0,0,0,0,0,0,0,"Mongolia                ",
91.744,47.753,0,0,0,0,0,0,0,0,0,0,0,0,0,0,"Mongolia_Altai          ",
269.707,15.104,0,0,0,0,0,0,0,0,0,0,0,0,0,0,"Motagua_polochic        ",
99.714,19.401,0,0,0,0,0,0,0,0,0,0,0,0,0,0,"Myanmar_L               ",
282.328,4.853,0,0,0,0,0,0,0,0,0,0,0,0,0,0,"NAndes                  ",
56.782,32.23,0,0,0,0,0,0,0,0,0,0,0,0,0,0,"NB_iran                 ",
56.104,34.14,0,0,0,0,0,0,0,0,0,0,0,0,0,0,"NDR_iran                ",
99.582,37.192,0,0,0,0,0,0,0,0,0,0,0,0,0,0,"NE2                     ",
286.479,20.171,0,0,0,0,0,0,0,0,0,0,0,0,0,0,"NHIS                    ",
96.863,42.091,0,0,0,0,0,0,0,0,0,0,0,0,0,0,"NW_china                ",
79.116,43.172,0,0,0,0,0,0,0,0,0,0,0,0,0,0,"N_issykul               ",
267.553,-21.835,0,0,0,0,0,0,0,0,0,0,0,0,0,0,"Nazca                   ",
243.991,36.618,0,1,0,1,0,0,0,0,0,0,0,0,0,0,"Nevada                  ",
15.949,43.073,0,0,0,0,0,0,0,0,0,0,0,0,0,0,"NorthAdria              ",
270.568,47.697,0,0,0,0,0,0,0,0,0,0,0,0,0,0,"NorthAmerica            ",
286.354,5.88,0,0,0,0,0,0,0,0,0,0,0,0,0,0,"NorthAndes_South        ",
148.113,-1.351,0,0,0,0,0,0,0,0,0,0,0,0,0,0,"NorthBismarck           ",
118.084,37.053,0,0,0,0,0,0,0,0,0,0,0,0,0,0,"NorthChinaPlain         ",
32.267,36.93,0,0,0,0,0,0,0,0,0,0,0,0,0,0,"NorthCyprus             ",
95.687,34.56,0,0,0,0,0,0,0,0,0,0,0,0,0,0,"NorthOfBNSSuture        ",
120.885,24.509,0,0,0,0,0,0,0,0,0,0,0,0,0,0,"NorthOfChelungpo        ",
47.496,33.508,0,0,0,0,0,0,0,0,0,0,0,0,0,0,"NorthZagros             ",
120.732,0.756,0,0,0,0,0,0,0,0,0,0,0,0,0,0,"North_Sulawesi          ",
92.452,37.264,0,1,0,1,0,0,0,0,0,0,0,0,0,0,"North_east_Tibet        ",
198.614,67.824,0,0,0,0,0,0,0,0,0,0,0,0,0,0,"NorthernAlaska          ",
225.909,64.852,0,0,0,0,0,0,0,0,0,0,0,0,0,0,"NorthernCordillera      ",
21.547,39.582,0,0,0,0,0,0,0,0,0,0,0,0,0,0,"NorthernGreece          ",
231.306,51.172,0,0,0,0,0,0,0,0,0,0,0,0,0,0,"Novi                    ",
348.426,19.64,0,0,0,0,0,0,0,0,0,0,0,0,0,0,"Nubia                   ",
150.3,58.629,0,0,0,0,0,0,0,0,0,0,0,0,0,0,"OKHOTSK                 ",
169.036,-46.187,0,0,0,0,0,0,0,0,0,0,0,0,0,0,"OTAG                    ",
122.466,24.894,0,0,0,0,0,0,0,0,0,0,0,0,0,0,"Okinawa                 ",
235.192,47.654,0,0,0,0,0,0,0,0,0,0,0,0,0,0,"Olym                    ",
238.867,42.537,0,0,0,0,0,0,0,0,0,0,0,0,0,0,"OrBR                    ",
39.336,38.978,0,0,0,0,0,0,0,0,0,0,0,0,0,0,"Ovacik                  ",
201.6,8.229,0,0,0,0,0,0,0,0,0,0,0,0,0,0,"PACIFIC                 ",
174.347,-42.418,0,0,0,0,0,0,0,0,0,0,0,0,0,0,"PEGA                    ",
142.557,-3.774,0,0,0,0,0,0,0,0,0,0,0,0,0,0,"PNG                     ",
172.041,-42.995,0,0,0,0,0,0,0,0,0,0,0,0,0,0,"POFZ                    ",
293.403,18.486,0,0,0,0,0,0,0,0,0,0,0,0,0,0,"PRVI                    ",
279.921,9.643,0,0,0,0,0,0,0,0,0,0,0,0,0,0,"Panama                  ",
242.36,36.215,0,1,0,1,0,0,0,0,0,0,0,0,0,0,"PanamintValley          ",
132.115,15.386,0,0,0,0,0,0,0,0,0,0,0,0,0,0,"PhilippineSea           ",
124.141,14.115,0,0,0,0,0,0,0,0,0,0,0,0,0,0,"Philippines_sliver_north",
122.836,21.389,0,0,0,0,0,0,0,0,0,0,0,0,0,0,"PhipSea                 ",
223.263,59.056,0,0,0,0,0,0,0,0,0,0,0,0,0,0,"QueenCharlotte          ",
41.069,14.31,0,0,0,0,0,0,0,0,0,0,0,0,0,0,"RedSea                  ",
252.6,20.231,251.4,1,21.3,1,4.369,1,0,1,0,0,0,0,0,0,"Rivera                  ",
120.783,22.545,0,0,0,0,0,0,0,0,0,0,0,0,0,0,"SCEN                    ",
148.46,-10.11,0,0,0,0,0,0,0,0,0,0,0,0,0,0,"SCOA                    ",
245.546,42.687,0,0,0,0,0,0,0,0,0,0,0,0,0,0,"SRPn                    ",
118.1,-9.361,0,0,0,0,0,0,0,0,0,0,0,0,0,0,"SUMB                    ",
169.088,-19.213,0,0,0,0,0,0,0,0,0,0,0,0,0,0,"SVAN                    ",
121.896,13.689,0,0,0,0,0,0,0,0,0,0,0,0,0,0,"SWL1                    ",
77.147,40.212,0,0,0,0,0,0,0,0,0,0,0,0,0,0,"S_Kyrgyz                ",
243.841,33.487,0,1,0,1,0,0,0,0,0,0,0,0,0,0,"Salton                  ",
243.35,34.063,0,1,0,1,0,0,0,0,0,0,0,0,0,0,"SanBernadino            ",
242.924,32.384,0,1,0,1,0,0,0,0,0,0,0,0,0,0,"SanDiego                ",
243.347,33.394,0,1,0,1,0,0,0,0,0,0,0,0,0,0,"SanJacinto              ",
309.259,-57.375,0,0,0,0,0,0,0,0,0,0,0,0,0,0,"Scotia                  ",
13.539,37.182,0,0,0,0,0,0,0,0,0,0,0,0,0,0,"Sicily                  ",
240.597,36.746,0,1,0,1,0,0,0,0,0,0,0,0,0,0,"SierraBlock             ",
33.878,32.34,0,0,0,0,0,0,0,0,0,0,0,0,0,0,"Sinai                   ",
50.884,-8.619,0,0,0,0,0,0,0,0,0,0,0,0,0,0,"Somalia                 ",
305.4,-10.974,0,0,0,0,0,0,0,0,0,0,0,0,0,0,"SouthAmerica            ",
149.037,-5.493,0,0,0,0,0,0,0,0,0,0,0,0,0,0,"SouthBismarck           ",
51.959,38.196,0,0,0,0,0,0,0,0,0,0,0,0,0,0,"SouthCaspian            ",
108.865,27.119,0,0,0,0,0,0,0,0,0,0,0,0,0,0,"SouthChinaBlock         ",
110.779,7.87,0,0,0,0,0,0,0,0,0,0,0,0,0,0,"SouthEastAsia           ",
52.96,28.578,0,0,0,0,0,0,0,0,0,0,0,0,0,0,"SouthZagros             ",
42.844,38.951,0,0,0,0,0,0,0,0,0,0,0,0,0,0,"South_of_Ararat         ",
241.401,33.499,0,1,0,1,0,0,0,0,0,0,0,0,0,0,"SouthernIslands         ",
300.597,-61.996,0,0,0,0,0,0,0,0,0,0,0,0,0,0,"SouthernOceanMini       ",
99.692,-0.946,0,0,0,0,0,0,0,0,0,0,0,0,0,0,"Sumatra_sliver          ",
99.785,0.693,0,0,0,0,0,0,0,0,0,0,0,0,0,0,"Sumatran_fault_splay    ",
42.788,38.35,0,0,0,0,0,0,0,0,0,0,0,0,0,0,"TIP_iran                ",
150.01,-8.415,0,0,0,0,0,0,0,0,0,0,0,0,0,0,"TROB                    ",
236.557,46.873,0,0,0,0,0,0,0,0,0,0,0,0,0,0,"Taco                    ",
113.635,37.627,0,0,0,0,0,0,0,0,0,0,0,0,0,0,"Taihang                 ",
121.468,25.197,0,0,0,0,0,0,0,0,0,0,0,0,0,0,"Taipei                  ",
121.648,25.144,0,0,0,0,0,0,0,0,0,0,0,0,0,0,"Taipei2                 ",
120.749,20.359,0,0,0,0,0,0,0,0,0,0,0,0,0,0,"TaiwanEast              ",
67.641,37.445,0,0,0,0,0,0,0,0,0,0,0,0,0,0,"Tajik                   ",
47.366,38.559,0,0,0,0,0,0,0,0,0,0,0,0,0,0,"Talesh                  ",
126.825,-8.541,0,0,0,0,0,0,0,0,0,0,0,0,0,0,"Timor                   ",
222.858,61.765,0,0,0,0,0,0,0,0,0,0,0,0,0,0,"Tintina                 ",
184.79,-20.164,0,0,0,0,0,0,0,0,0,0,0,0,0,0,"Tonga                   ",
340.836,64.415,0,0,0,0,0,0,0,0,0,0,0,0,0,0,"Travis2                 ",
290.172,10.105,0,0,0,0,0,0,0,0,0,0,0,0,0,0,"Valera                  ",
241.716,34.201,0,1,0,1,0,0,0,0,0,0,0,0,0,0,"VerdugoHills            ",
29.39,38.57,0,0,0,0,0,0,0,0,0,0,0,0,0,0,"VernantAnatolia         ",
176.723,-40.988,0,0,0,0,0,0,0,0,0,0,0,0,0,0,"WAIR                    ",
176.091,-39.078,0,0,0,0,0,0,0,0,0,0,0,0,0,0,"WELL                    ",
117.05,-3.798,0,0,0,0,0,0,0,0,0,0,0,0,0,0,"WMAK                    ",
170.972,-17.066,0,0,0,0,0,0,0,0,0,0,0,0,0,0,"WNFB                    ",
173.363,-40.472,0,0,0,0,0,0,0,0,0,0,0,0,0,0,"WNIS                    ",
73.491,42.373,0,0,0,0,0,0,0,0,0,0,0,0,0,0,"W_Issykul               ",
70.65,41.457,0,0,0,0,0,0,0,0,0,0,0,0,0,0,"W_Kyrgyz                ",
72.112,43.602,0,0,0,0,0,0,0,0,0,0,0,0,0,0,"W_Kyrgyz_2              ",
103.626,32.205,0,0,0,0,0,0,0,0,0,0,0,0,0,0,"WestOfSichuan           ",
242.36,34.88,0,1,0,1,0,0,0,0,0,0,0,0,0,0,"WesternMojave           ",
21.702,36.821,0,0,0,0,0,0,0,0,0,0,0,0,0,0,"WesternPeloponnese      ",
241.732,35.294,0,1,0,1,0,1,0,0,0,0,0,0,0,0,"WhiteWolf               ",
102.623,28.434,0,0,0,0,0,0,0,0,0,0,0,0,0,0,"XXF                     ",
239.151,46.481,0,0,0,0,0,0,0,0,0,0,0,0,0,0,"YFTB                    ",
217.942,60.246,0,0,0,0,0,0,0,0,0,0,0,0,0,0,"Yakataga                ",
218.619,59.001,0,0,0,0,0,0,0,0,0,0,0,0,0,0,"Yakutat                 ",
119.006,40.633,0,0,0,0,0,0,0,0,0,0,0,0,0,0,"YanShan                 ",
244.041,32.267,0,0,0,0,0,0,0,0,0,0,0,0,0,0,"above_baja              ",
126.871,48.484,0,1,0,1,0,0,0,0,0,0,0,0,0,0,"amur                    ",
46.213,24.42,0,0,0,0,0,0,0,0,0,0,0,0,0,0,"arabia                  ",
247.022,26.699,0,0,0,0,0,0,0,0,0,0,0,0,0,0,"baja                    ",
279.633,7.685,0,0,0,0,0,0,0,0,0,0,0,0,0,0,"bennett1                ",
281.428,8.538,0,0,0,0,0,0,0,0,0,0,0,0,0,0,"bennett2                ",
136.309,35.06,0,0,0,0,0,0,0,0,0,0,0,0,0,0,"biwa                    ",
11.655,44.482,0,0,0,0,0,0,0,0,0,0,0,0,0,0,"bologna                 ",
240.652,38.762,0,0,0,0,0,0,0,0,0,0,0,0,0,0,"carson                  ",
87.398,34.036,0,0,0,0,0,0,0,0,0,0,0,0,0,0,"central_tibet           ",
137.045,35.653,0,0,0,0,0,0,0,0,0,0,0,0,0,0,"chubu                   ",
242.745,39.951,0,0,0,0,0,0,0,0,0,0,0,0,0,0,"cnv                     ",
242.152,35.483,0,0,0,0,0,0,0,0,0,0,0,0,0,0,"coso                    ",
103.818,34.379,0,0,0,0,0,0,0,0,0,0,0,0,0,0,"dsfsdf                  ",
95.363,31.879,0,0,0,0,0,0,0,0,0,0,0,0,0,0,"east-central-tibet      ",
137.579,36.144,0,0,0,0,0,0,0,0,0,0,0,0,0,0,"echubu                  ",
272.167,13.306,0,0,0,0,0,0,0,0,0,0,0,0,0,0,"fonseca                 ",
138.972,34.448,0,0,0,0,0,0,0,0,0,0,0,0,0,0,"fukushima               ",
237.351,38.892,0,0,0,0,0,0,0,0,0,0,0,0,0,0,"greenwood               ",
90.365,29.598,0,0,0,0,0,0,0,0,0,0,0,0,0,0,"hima-block              ",
270.859,14.341,0,0,0,0,0,0,0,0,0,0,0,0,0,0,"honduras                ",
139.13,38.549,0,1,0,1,0,0,0,0,0,0,0,0,0,0,"iida                    ",
141.012,44.169,0,0,0,0,0,0,0,0,0,0,0,0,0,0,"kuril-north             ",
135.98,33.222,0,0,0,0,0,0,0,0,0,0,0,0,0,0,"kuwana                  ",
70.031,43.177,0,0,0,0,0,0,0,0,0,0,0,0,0,0,"kyrgyz_sliver           ",
241.819,34.037,0,0,0,0,0,0,0,0,0,0,0,0,0,0,"labasin                 ",
237.423,38.399,0,0,0,0,0,0,0,0,0,0,0,0,0,0,"lafayette               ",
35.702,34.16,0,0,0,0,0,0,0,0,0,0,0,0,0,0,"lebanon1                ",
35.996,33.831,0,0,0,0,0,0,0,0,0,0,0,0,0,0,"lebanon2                ",
100.582,33.027,0,1,0,1,0,0,0,0,0,0,0,0,0,0,"lms_01                  ",
61.593,25.904,0,0,0,0,0,0,0,0,0,0,0,0,0,0,"makran                  ",
235.361,41.359,0,0,0,0,0,0,0,0,0,0,0,0,0,0,"mendocino-ftb           ",
79.709,35.404,0,1,0,1,0,0,0,0,0,0,0,0,0,0,"near_karakoram          ",
97.835,24.352,0,0,0,0,0,0,0,0,0,0,0,0,0,0,"new_e_syntaxis          ",
101.241,35.045,0,0,0,0,0,0,0,0,0,0,0,0,0,0,"north_of_eastern_kunlun ",
14.231,38.275,0,0,0,0,0,0,0,0,0,0,0,0,0,0,"northeastern_Sicily     ",
103.878,39.08,0,0,0,0,0,0,0,0,0,0,0,0,0,0,"northern                ",
127.081,25.584,0,0,0,0,0,0,0,0,0,0,0,0,0,0,"okinawa                 ",
73.213,35.472,0,1,0,1,0,0,0,0,0,0,0,0,0,0,"pamir001                ",
236.835,46.125,0,0,0,0,0,0,0,0,0,0,0,0,0,0,"pnw01                   ",
97.158,39.451,0,1,0,1,0,0,0,0,0,0,0,0,0,0,"ql_small01              ",
109.042,38.071,0,1,0,1,0,0,0,0,0,0,0,0,0,0,"run_away_02             ",
241.835,34.429,0,1,0,1,0,0,0,0,0,0,0,0,0,0,"san_gabriel             ",
237.708,37.642,0,0,0,0,0,0,0,0,0,0,0,0,0,0,"sanfrancisco            ",
142.136,39.214,0,0,0,0,0,0,0,0,0,0,0,0,0,0,"sanriku                 ",
103.658,36.154,0,0,0,0,0,0,0,0,0,0,0,0,0,0,"south_of_haiyuan        ",
101.461,26.37,0,1,0,1,0,0,0,0,0,0,0,0,0,0,"southeast_01            ",
27.205,35.364,0,0,0,0,0,0,0,0,0,0,0,0,0,0,"southeast_Aegean        ",
14.828,36.293,0,0,0,0,0,0,0,0,0,0,0,0,0,0,"southeastern_Sicily     ",
97.945,21.528,0,1,0,1,0,0,0,0,0,0,0,0,0,0,"southernmost_sliver     ",
36.062,35.334,0,0,0,0,0,0,0,0,0,0,0,0,0,0,"syria                   ",
135.12,35.003,0,0,0,0,0,0,0,0,0,0,0,0,0,0,"tottori                 ",
13.279,43.402,0,0,0,0,0,0,0,0,0,0,0,0,0,0,"urbino                  ",
233.903,49.84,0,0,0,0,0,0,0,0,0,0,0,0,0,0,"vancouver               ",
241.275,38.148,0,0,0,0,0,0,0,0,0,0,0,0,0,0,"wassuk                  ",
83.663,39.281,0,1,0,1,0,0,0,0,0,0,0,0,0,0,"western_tarim           ",
241.75,40.145,0,0,0,0,0,0,0,0,0,0,0,0,0,0,"wnv                     ",
136.461,35.623,0,0,0,0,0,0,0,0,0,0,0,0,0,0,"yoro                    ",

